user0;apellidos0;696656565;
user1;apellidos1;696656565;
user2;apellidos2;696656565;
user3;apellidos3;696656565;
user4;apellidos4;696656565;
user5;apellidos5;696656565;
user6;apellidos6;696656565;
user7;apellidos7;696656565;
user8;apellidos8;696656565;
user9;apellidos9;696656565;
user10;apellidos10;696656565;
user11;apellidos11;696656565;
user12;apellidos12;696656565;
user13;apellidos13;696656565;
user14;apellidos14;696656565;
user15;apellidos15;696656565;
user16;apellidos16;696656565;
user17;apellidos17;696656565;
user18;apellidos18;696656565;
user19;apellidos19;696656565;
user20;apellidos20;696656565;
user21;apellidos21;696656565;
user22;apellidos22;696656565;
user23;apellidos23;696656565;
user24;apellidos24;696656565;
user25;apellidos25;696656565;
user26;apellidos26;696656565;
user27;apellidos27;696656565;
user28;apellidos28;696656565;
user29;apellidos29;696656565;
user30;apellidos30;696656565;
user31;apellidos31;696656565;
user32;apellidos32;696656565;
user33;apellidos33;696656565;
user34;apellidos34;696656565;
user35;apellidos35;696656565;
user36;apellidos36;696656565;
user37;apellidos37;696656565;
user38;apellidos38;696656565;
user39;apellidos39;696656565;
user40;apellidos40;696656565;
user41;apellidos41;696656565;
user42;apellidos42;696656565;
user43;apellidos43;696656565;
user44;apellidos44;696656565;
user45;apellidos45;696656565;
user46;apellidos46;696656565;
user47;apellidos47;696656565;
user48;apellidos48;696656565;
user49;apellidos49;696656565;
user50;apellidos50;696656565;
user51;apellidos51;696656565;
user52;apellidos52;696656565;
user53;apellidos53;696656565;
user54;apellidos54;696656565;
user55;apellidos55;696656565;
user56;apellidos56;696656565;
user57;apellidos57;696656565;
user58;apellidos58;696656565;
user59;apellidos59;696656565;
user60;apellidos60;696656565;
user61;apellidos61;696656565;
user62;apellidos62;696656565;
user63;apellidos63;696656565;
user64;apellidos64;696656565;
user65;apellidos65;696656565;
user66;apellidos66;696656565;
user67;apellidos67;696656565;
user68;apellidos68;696656565;
user69;apellidos69;696656565;
user70;apellidos70;696656565;
user71;apellidos71;696656565;
user72;apellidos72;696656565;
user73;apellidos73;696656565;
user74;apellidos74;696656565;
user75;apellidos75;696656565;
